,Job Title,Company Name,Date Posted
0,Senior Python Developer,"Payne, Roberts and Davis",2021-04-08
1,Energy engineer,Vasquez-Davidson,2021-04-08
2,Legal executive,"Jackson, Chambers and Levy",2021-04-08
3,Fitness centre manager,Savage-Bradley,2021-04-08
4,Product manager,Ramirez Inc,2021-04-08
5,Medical technical officer,Rogers-Yates,2021-04-08
6,Physiological scientist,Kramer-Klein,2021-04-08
7,Textile designer,Meyers-Johnson,2021-04-08
8,Television floor manager,Hughes-Williams,2021-04-08
9,Waste management officer,"Jones, Williams and Villa",2021-04-08
10,Software Engineer (Python),Garcia PLC,2021-04-08
11,Interpreter,Gregory and Sons,2021-04-08
12,Architect,"Clark, Garcia and Sosa",2021-04-08
13,Meteorologist,Bush PLC,2021-04-08
14,Audiological scientist,Salazar-Meyers,2021-04-08
15,English as a second language teacher,"Parker, Murphy and Brooks",2021-04-08
16,Surgeon,Cruz-Brown,2021-04-08
17,Equities trader,Macdonald-Ferguson,2021-04-08
18,Newspaper journalist,"Williams, Peterson and Rojas",2021-04-08
19,Materials engineer,Smith and Sons,2021-04-08
20,Python Programmer (Entry-Level),"Moss, Duncan and Allen",2021-04-08
21,Product/process development scientist,Gomez-Carroll,2021-04-08
22,"Scientist, research (maths)","Manning, Welch and Herring",2021-04-08
23,Ecologist,"Lee, Gutierrez and Brown",2021-04-08
24,Materials engineer,"Davis, Serrano and Cook",2021-04-08
25,Historic buildings inspector/conservation officer,Smith LLC,2021-04-08
26,Data scientist,Thomas Group,2021-04-08
27,Psychiatrist,Silva-King,2021-04-08
28,Structural engineer,Pierce-Long,2021-04-08
29,Immigration officer,Walker-Simpson,2021-04-08
30,Python Programmer (Entry-Level),Cooper and Sons,2021-04-08
31,Neurosurgeon,"Donovan, Gonzalez and Figueroa",2021-04-08
32,Broadcast engineer,"Morgan, Butler and Bennett",2021-04-08
33,Make,Snyder-Lee,2021-04-08
34,"Nurse, adult",Harris PLC,2021-04-08
35,Air broker,Washington PLC,2021-04-08
36,"Editor, film/video","Brown, Price and Campbell",2021-04-08
37,"Production assistant, radio",Mcgee PLC,2021-04-08
38,"Engineer, communications",Dixon Inc,2021-04-08
39,Sales executive,"Thompson, Sheppard and Ward",2021-04-08
40,Software Developer (Python),Adams-Brewer,2021-04-08
41,Futures trader,Schneider-Brady,2021-04-08
42,Tour manager,Gonzales-Frank,2021-04-08
43,Cytogeneticist,Smith-Wong,2021-04-08
44,"Designer, multimedia",Pierce-Herrera,2021-04-08
45,Trade union research officer,"Aguilar, Rivera and Quinn",2021-04-08
46,"Chemist, analytical","Lowe, Barnes and Thomas",2021-04-08
47,"Programmer, multimedia","Lewis, Gonzalez and Vasquez",2021-04-08
48,"Engineer, broadcasting (operations)",Taylor PLC,2021-04-08
49,"Teacher, primary school","Oliver, Jones and Ramirez",2021-04-08
50,Python Developer,Rivera and Sons,2021-04-08
51,Manufacturing systems engineer,Garcia PLC,2021-04-08
52,"Producer, television/film/video","Johnson, Wells and Kramer",2021-04-08
53,"Scientist, forensic",Gonzalez LLC,2021-04-08
54,Bonds trader,"Morgan, White and Macdonald",2021-04-08
55,Editorial assistant,Robinson-Fitzpatrick,2021-04-08
56,Photographer,"Waters, Wilson and Hoover",2021-04-08
57,Retail banker,Hill LLC,2021-04-08
58,Jewellery designer,Li-Gregory,2021-04-08
59,Ophthalmologist,"Fisher, Ryan and Coleman",2021-04-08
60,"Back-End Web Developer (Python, Django)",Stewart-Alexander,2021-04-08
61,Licensed conveyancer,Abbott and Sons,2021-04-08
62,Futures trader,"Bryant, Santana and Davenport",2021-04-08
63,Counselling psychologist,Smith PLC,2021-04-08
64,Insurance underwriter,Patterson-Singh,2021-04-08
65,"Engineer, automotive",Martinez-Berry,2021-04-08
66,"Producer, radio","May, Taylor and Fisher",2021-04-08
67,Dispensing optician,"Bailey, Owen and Thompson",2021-04-08
68,"Designer, fashion/clothing",Vasquez Ltd,2021-04-08
69,Chartered loss adjuster,Leblanc LLC,2021-04-08
70,"Back-End Web Developer (Python, Django)","Jackson, Ali and Mckee",2021-04-08
71,Forest/woodland manager,"Blankenship, Knight and Powell",2021-04-08
72,Clinical cytogeneticist,"Patton, Haynes and Jones",2021-04-08
73,Print production planner,Wood Inc,2021-04-08
74,Systems developer,Collins Group,2021-04-08
75,Graphic designer,Flores-Nelson,2021-04-08
76,Writer,"Mitchell, Jones and Olson",2021-04-08
77,Field seismologist,Howard Group,2021-04-08
78,Chief Strategy Officer,Kramer-Edwards,2021-04-08
79,Air cabin crew,Berry-Houston,2021-04-08
80,Python Programmer (Entry-Level),Mathews Inc,2021-04-08
81,Warden/ranger,Riley-Johnson,2021-04-08
82,Sports therapist,Spencer and Sons,2021-04-08
83,Arts development officer,Camacho-Sanchez,2021-04-08
84,Printmaker,Oliver and Sons,2021-04-08
85,Health and safety adviser,Eaton PLC,2021-04-08
86,Manufacturing systems engineer,Stanley-Frederick,2021-04-08
87,"Programmer, applications",Bradley LLC,2021-04-08
88,Medical physicist,"Parker, Goodwin and Zavala",2021-04-08
89,Media planner,Kim-Miles,2021-04-08
90,Software Developer (Python),Moreno-Rodriguez,2021-04-08
91,"Surveyor, land/geomatics",Brown-Ortiz,2021-04-08
92,Legal executive,Hartman PLC,2021-04-08
93,"Librarian, academic",Brooks Inc,2021-04-08
94,Barrister,Washington-Castillo,2021-04-08
95,Museum/gallery exhibitions officer,"Nguyen, Yoder and Petty",2021-04-08
96,"Radiographer, diagnostic",Holder LLC,2021-04-08
97,Database administrator,Yates-Ferguson,2021-04-08
98,Furniture designer,Ortega-Lawrence,2021-04-08
99,Ship broker,"Fuentes, Walls and Castro",2021-04-08
